Actual Population,Predicted Population
304557,53103.97854021937
71697030,39080115.57485616
33660,12727140.491935555
2780469,15120358.650255136
367507,13375847.65782734
6630623,11916432.946742587
47558630,38534421.721792035
275501339,114266764.19660282
85341241,50807228.84790015
1472233,7543836.549748659
34627652,25760945.872215334
99010212,122048521.0031668
28301696,60306170.066190846
6781953,27063709.42806065
8740472,9670677.310342427
6948392,8975052.623873532
11655930,10286681.148726732
5489739,23682236.177795064
326740,-3900760.0962528363
12224110,65095895.93007097
8848699,-1217286.4519040957
106445,11700917.270127166
44496122,21274422.310712118
17564014,11066795.750799045
67508936,22501499.278315768
3233526,21282734.748363912
808726,19673037.405114736
17316449,5028032.923684206
13859341,9031469.532457374
9534954,25599398.51345274
5185288,19154371.995078336
929766,8326594.327445358
5180829,10454300.014977124
32969517,38035424.254897326
533286,3339951.092717666
19659267,13251043.520991534
39857145,2250021.996794589
171186372,12543389.740709703
235824862,48309429.52996085
5862,13305580.69215142
6780744,26386822.250896595
23893394,12251514.8941192
22593590,60428003.09675012
3684032,6094521.938465137
618040,14829126.914230112
11572,14034038.906212375
17843908,8381502.35495035
2750055,23181282.12946941
4576298,20376695.7296362
26207977,57764734.75270384
5250072,-3287918.8909548447
33696614,26583392.96919018
34049588,77001723.34098995
39701739,102435921.90018442
4268873,9137612.781569578
84519,9052090.241848469
5970424,15163228.213898629
3744385,17233164.132602267
5579144,31472358.376547053
11285869,7985757.035098709
13776698,-2700603.4506867677
144713314,977480622.6105647
1850651,22678837.775137804
338289857,537322272.371582
5540745,29448822.68110942
47249585,4781825.41471342
2305825,5687247.632870115
64626628,41119812.13281689
33475870,11643974.508464966
449002,5997039.863640118
5302681,3528718.5707824305
